R2,RMSE,MAE,Inference_Time_Mean_ms,Inference_Time_Std_ms
0.9845962346091414,0.036320881780074685,0.02853497525406249,5.429556369781494,0.018481586206428143
