R2,RMSE,MAE,Inference_Time_Mean_ms,Inference_Time_Std_ms
0.9838283422666732,0.037215187068996534,0.028958305037398206,0.9397053718566895,0.01833682530809437
