R2,RMSE,MAE,Inference_Time_Mean_ms,Inference_Time_Std_ms
0.9457013503054104,0.06819263162828412,0.04995431961601494,335.4084324836731,0.5100829241812237
