R2,RMSE,MAE,Inference_Time_Mean_ms,Inference_Time_Std_ms
0.7122491578092838,0.1569824987199807,0.121708379639401,0.14591217041015625,0.0
