R2,RMSE,MAE,Inference_Time_Mean_ms,Inference_Time_Std_ms
0.9696053357830561,0.05102013586683788,0.03798217737322985,340.46387672424316,2.790781915209731
