R2,RMSE,MAE,Inference_Time_Mean_ms,Inference_Time_Std_ms
-0.052891332995065765,0.3002857416305604,0.24738064109655633,1.6125988960266113,0.022753599353359306
